DATE,REAL_GDP,REAL_INVESTMENT,REAL_INVENTORY_CHANGE,RECESSION,INV_RATIO
1947-03-31,2182.681,227.242,6.238,0.0,10.411141160801785
1947-06-30,2176.892,209.836,-4.326,0.0,9.63924714684973
1947-09-30,2172.432,203.662,-16.874,0.0,9.374838890239143
1947-12-31,2206.452,243.072,-2.822,0.0,11.01641911992647
1948-03-31,2239.682,268.012,14.095,0.0,11.96652024707079
1948-06-30,2276.69,284.598,26.813,0.0,12.500516100127818
1948-09-30,2289.77,287.514,31.333,0.0,12.55645763548304
1948-12-31,2292.364,273.765,24.243,0.3333333333333333,11.942475104302806
1949-03-31,2260.807,232.885,-2.474,1.0,10.30096775178067
1949-06-30,2253.128,201.926,-21.832,1.0,8.962029676076991
1949-09-30,2276.424,218.667,-4.783,1.0,9.605723714035697
1949-12-31,2257.352,207.912,-21.818,0.3333333333333333,9.210437716404
1950-03-31,2346.104,257.271,9.151,0.0,10.96588216038164
1950-06-30,2417.682,284.803,13.359,0.0,11.780002498260732
1950-09-30,2511.127,309.285,17.541,0.0,12.316581359684319
1950-12-31,2559.214,348.585,56.183,0.0,13.620783568705077
1951-03-31,2593.967,312.966,34.908,0.0,12.065149633746303
1951-06-30,2638.898,320.221,50.756,0.0,12.13464862984473
1951-09-30,2693.259,296.643,33.468,0.0,11.014276755410451
1951-12-31,2699.156,273.007,14.383,0.0,10.114532098181803
1952-03-31,2727.954,280.13,18.048,0.0,10.26886817006445
1952-06-30,2733.8,259.01,-4.389,0.0,9.474358036432804
1952-09-30,2753.517,272.895,19.996,0.0,9.91077955937806
1952-12-31,2843.941,292.552,20.051,0.0,10.28685194242778
1953-03-31,2896.811,298.847,16.203,0.0,10.316413462942524
1953-06-30,2919.206,300.547,15.897,0.0,10.295505010609048
1953-09-30,2902.785,294.261,9.642,0.6666666666666666,10.137195830900326
1953-12-31,2858.845,272.998,-8.267,1.0,9.549241039650628
1954-03-31,2845.192,271.041,-7.346,1.0,9.526281530385296
1954-06-30,2848.305,270.402,-11.829,0.6666666666666666,9.49343556957559
1954-09-30,2880.482,283.451,-9.423,0.0,9.840401710547054
1954-12-31,2936.852,295.882,-3.48,0.0,10.074801181673438
1955-03-31,3020.746,325.442,14.027,0.0,10.773563881239932
1955-06-30,3069.91,345.235,20.699,0.0,11.245769419950422
1955-09-30,3111.379,350.533,18.889,0.0,11.266162045832411
1955-12-31,3130.068,358.661,26.017,0.0,11.458568951217671
1956-03-31,3117.922,348.42,21.944,0.0,11.174750362581234
1956-06-30,3143.694,345.678,15.246,0.0,10.995917541592789
1956-09-30,3140.874,342.583,11.829,0.0,10.90725065698274
1956-12-31,3192.57,339.406,10.471,0.0,10.631121635547537
1957-03-31,3213.011,334.137,5.663,0.0,10.399497542958926
1957-06-30,3205.97,333.798,8.145,0.0,10.411763054551354
1957-09-30,3237.386,341.451,11.901,0.3333333333333333,10.547120423699862
1957-12-31,3203.894,315.195,-11.091,1.0,9.837872289158131
1958-03-31,3120.724,293.932,-13.882,1.0,9.418711811746249
1958-06-30,3141.224,288.01,-12.101,0.3333333333333333,9.168718945226447
1958-09-30,3213.884,310.114,6.134,0.0,9.6491970463153
1958-12-31,3289.032,336.555,16.137,0.0,10.23264595783805
1959-03-31,3352.129,354.894,13.08,0.0,10.5871223929628
1959-06-30,3427.667,382.5,33.118,0.0,11.159193702305387
1959-09-30,3430.057,357.798,3.92,0.0,10.431255224038551
1959-12-31,3439.832,369.442,19.404,0.0,10.740117540624079
1960-03-31,3517.181,406.581,48.436,0.0,11.55985432651888
1960-06-30,3498.246,368.686,13.84,0.6666666666666666,10.53916734271975
1960-09-30,3515.385,367.749,19.572,1.0,10.461130146484667
1960-12-31,3470.278,327.01,-22.782,1.0,9.4231643689641
1961-03-31,3493.703,335.496,-10.386,0.6666666666666666,9.602876947468058
1961-06-30,3553.021,359.004,8.962,0.0,10.104190208839183
1961-09-30,3621.252,386.914,29.74,0.0,10.684536729285893
1961-12-31,3692.289,393.316,24.675,0.0,10.652362260917277
1962-03-31,3758.147,414.522,38.993,0.0,11.029957050642244
1962-06-30,3792.149,411.253,24.493,0.0,10.84485340634031
1962-09-30,3838.776,418.241,28.725,0.0,10.895165542349957
1962-12-31,3851.421,406.004,17.055,0.0,10.541667607877717
1963-03-31,3893.482,427.366,33.543,0.0,10.976447303467692
1963-06-30,3937.183,434.164,22.12,0.0,11.02727508474968
1963-09-30,4023.755,447.531,26.255,0.0,11.122222898759988
1963-12-31,4050.147,452.965,19.18,0.0,11.183915052959806
1964-03-31,4135.553,469.918,20.471,0.0,11.36288182015803
1964-06-30,4180.592,468.225,19.642,0.0,11.199968808245341
1964-09-30,4245.918,479.154,23.536,0.0,11.28505072401304
1964-12-31,4259.046,483.706,22.509,0.0,11.357144299451097
1965-03-31,4362.111,529.824,51.575,0.0,12.14604580213571
1965-06-30,4417.225,531.216,37.157,0.0,12.026011806054706
1965-09-30,4515.427,549.712,41.846,0.0,12.174086747499185
1965-12-31,4619.458,553.352,33.654,0.0,11.97872131319302
1966-03-31,4731.888,597.563,58.962,0.0,12.628426539258747
1966-06-30,4748.046,588.717,56.666,0.0,12.399142721026713
1966-09-30,4788.254,584.373,50.369,0.0,12.204302445108386
1966-12-31,4827.537,587.798,69.319,0.0,12.175939821900899
1967-03-31,4870.299,573.373,64.874,0.0,11.772850085795556
1967-06-30,4873.287,552.629,28.499,0.0,11.339964176129993
1967-09-30,4919.392,568.833,38.402,0.0,11.563075274342847
1967-12-31,4956.477,581.104,37.36,0.0,11.724133895910342
1968-03-31,5057.553,592.754,34.133,0.0,11.720173767828038
1968-06-30,5142.033,615.427,59.786,0.0,11.968554071901133
1968-09-30,5181.859,598.643,32.636,0.0,11.552668646522415
1968-12-31,5202.212,605.155,27.116,0.0,11.632647804433958
1969-03-31,5283.597,640.79,45.46,0.0,12.127912102304547
1969-06-30,5299.625,637.015,37.989,0.0,12.020001415194471
1969-09-30,5334.6,649.948,43.899,0.0,12.183631387545457
1969-12-31,5308.556,618.565,23.776,0.0,11.652227083975381
1970-03-31,5300.652,600.116,4.328,1.0,11.32155063188453
1970-06-30,5308.164,601.421,20.148,1.0,11.330113387604454
1970-09-30,5357.077,611.208,20.25,1.0,11.40935625901961
1970-12-31,5299.672,578.757,-16.829,0.6666666666666666,10.920619238322674
1971-03-31,5443.619,646.232,47.696,0.0,11.871367191568698
1971-06-30,5473.059,664.569,40.589,0.0,12.142551359303818
1971-09-30,5518.072,672.632,38.579,0.0,12.18961985273117
1971-12-31,5531.032,654.519,-2.228,0.0,11.833578254474029
1972-03-31,5632.649,697.648,13.935,0.0,12.385788640478042
1972-06-30,5760.47,737.276,45.638,0.0,12.798886201993934
1972-09-30,5814.854,747.745,48.838,0.0,12.859222260782472
1972-12-31,5912.22,752.434,19.615,0.0,12.72675915307617
1973-03-31,6058.544,796.53,32.168,0.0,13.14721820952361
1973-06-30,6124.506,830.483,62.868,0.0,13.559999777941274
1973-09-30,6092.301,800.37,29.975,0.0,13.137400794872084
1973-12-31,6150.131,828.879,69.558,0.3333333333333333,13.47742023706487
1974-03-31,6097.258,781.544,33.922,1.0,12.817958498721884
1974-06-30,6111.751,778.425,44.484,1.0,12.736530005885383
1974-09-30,6053.978,738.08,14.232,1.0,12.191653157642794
1974-12-31,6030.464,742.56,52.492,1.0,12.313480355740452
1975-03-31,5957.035,622.949,-21.151,1.0,10.457366794051067
1975-06-30,5999.61,604.403,-37.094,0.0,10.074038145812812
1975-09-30,6102.326,651.26,-5.93,0.0,10.672323963026557
1975-12-31,6184.53,669.438,0.387,0.0,10.824395709940772
1976-03-31,6323.649,734.031,39.195,0.0,11.607712572282235
1976-06-30,6370.025,763.083,58.961,0.0,11.979277946318891
1976-09-30,6404.895,765.742,53.269,0.0,11.955574603486863
1976-12-31,6451.177,771.471,19.461,0.0,11.95860848338218
1977-03-31,6527.703,807.213,33.147,0.0,12.365957826206246
1977-06-30,6654.466,865.083,49.461,0.0,13.00003636655443
1977-09-30,6774.457,908.859,86.816,0.0,13.415968246606333
1977-12-31,6774.592,886.06,45.665,0.0,13.079164029361474
1978-03-31,6796.26,903.329,54.392,0.0,13.291560358197007
1978-06-30,7058.92,962.001,53.511,0.0,13.628161248462936
1978-09-30,7129.915,990.029,54.536,0.0,13.88556525568678
1978-12-31,7225.75,1012.924,64.839,0.0,14.018254160467771
1979-03-31,7238.727,1014.607,49.046,0.0,14.016373320889155
1979-06-30,7246.454,1013.693,55.49,0.0,13.988814391149107
1979-09-30,7300.281,996.622,20.445,0.0,13.651830662408749
1979-12-31,7318.535,978.943,14.701,0.0,13.376215321782297
1980-03-31,7341.557,972.248,16.25,0.6666666666666666,13.24307636649828
1980-06-30,7190.289,889.579,13.872,1.0,12.371950557202915
1980-09-30,7181.743,830.866,-59.914,0.3333333333333333,11.5691413630368
1980-12-31,7315.677,908.306,-16.997,0.0,12.41588440823727
1981-03-31,7459.022,992.376,69.238,0.0,13.304371538252601
1981-06-30,7403.745,951.246,17.351,0.0,12.848173458162051
1981-09-30,7492.405,1004.861,71.443,0.6666666666666666,13.411728276835008
1981-12-31,7410.768,969.475,36.32,1.0,13.081977468462108
1982-03-31,7295.631,877.772,-34.131,1.0,12.03147472781998
1982-06-30,7328.912,877.104,-6.705,1.0,11.967724540832254
1982-09-30,7300.896,869.067,7.453,1.0,11.903566356786893
1982-12-31,7303.817,801.889,-65.093,0.6666666666666666,10.979040137506184
1983-03-31,7400.066,829.672,-60.654,0.0,11.211683787685137
1983-06-30,7568.456,903.148,-9.54,0.0,11.933054773655288
1983-09-30,7719.746,959.692,-3.299,0.0,12.431652544008573
1983-12-31,7880.794,1053.054,34.462,0.0,13.362283038993281
1984-03-31,8034.847,1154.826,109.746,0.0,14.372719231616982
1984-06-30,8173.67,1192.381,103.174,0.0,14.588073656019878
1984-09-30,8252.465,1218.184,107.716,0.0,14.761456122504002
1984-12-31,8320.199,1202.383,67.827,0.0,14.451373098167483
1985-03-31,8400.82,1169.416,20.964,0.0,13.920260165079124
1985-06-30,8474.787,1189.334,30.728,0.0,14.033792235722267
1985-09-30,8604.22,1181.226,25.833,0.0,13.728449528254744
1985-12-31,8668.188,1224.763,47.518,0.0,14.129400516001727
1986-03-31,8749.127,1224.404,42.151,0.0,13.99458483114944
1986-06-30,8788.524,1203.028,20.508,0.0,13.688623937307334
1986-09-30,8872.601,1170.667,-11.777,0.0,13.194180601607124
1986-12-31,8920.193,1174.171,-9.977,0.0,13.16306721166235
1987-03-31,8986.367,1205.858,45.442,0.0,13.418748644474457
1987-06-30,9083.256,1206.486,25.481,0.0,13.28252776317215
1987-09-30,9162.024,1206.662,-2.196,0.0,13.170255829934522
1987-12-31,9319.332,1288.881,95.725,0.0,13.830186541267123
1988-03-31,9367.502,1227.008,21.045,0.0,13.098561388084038
1988-06-30,9490.594,1256.243,29.197,0.0,13.236716268760418
1988-09-30,9546.206,1263.222,24.293,0.0,13.23271255617153
1988-12-31,9673.405,1282.499,33.371,0.0,13.257989301595458
1989-03-31,9771.725,1326.029,65.96,0.0,13.570060557373441
1989-06-30,9846.293,1313.202,50.515,0.0,13.3370193229066
1989-09-30,9919.228,1301.412,13.959,0.0,13.12009362018899
1989-12-31,9938.767,1291.758,20.258,0.0,12.99716554377419
1990-03-31,10047.386,1304.586,18.585,0.0,12.984332442288968
1990-06-30,10083.855,1304.993,46.55,0.0,12.941409808054557
1990-09-30,10090.569,1279.695,30.476,0.6666666666666666,12.682089582857023
1990-12-31,9998.704,1208.107,-14.323,1.0,12.082635909613886
1991-03-31,9951.916,1167.908,-22.629,1.0,11.735509021579361
1991-06-30,10029.51,1167.904,-26.846,0.0,11.644676559472995
1991-09-30,10080.195,1191.028,1.133,0.0,11.815525394102
1991-12-31,10115.329,1233.261,39.445,0.0,12.192000873130276
1992-03-31,10236.435,1210.478,2.985,0.0,11.82519109436049
1992-06-30,10347.429,1278.935,28.683,0.0,12.359930181690542
1992-09-30,10449.673,1289.101,26.307,0.0,12.336280762087005
1992-12-31,10558.648,1328.433,30.178,0.0,12.581468763803851
1993-03-31,10576.275,1359.751,52.093,0.0,12.85661539625246
1993-06-30,10637.847,1367.575,35.149,0.0,12.855749852390245
1993-09-30,10688.606,1358.287,2.328,0.0,12.707803056825185
1993-12-31,10833.987,1429.661,19.545,0.0,13.196074538394779
1994-03-31,10939.116,1484.116,61.934,0.0,13.567056058277469
1994-06-30,11087.361,1557.107,111.808,0.0,14.04398215229034
1994-09-30,11152.176,1531.67,69.811,0.0,13.734270334327581
1994-12-31,11279.932,1594.684,98.103,0.0,14.13735472873418
1995-03-31,11319.951,1611.428,82.042,0.0,14.235291301172595
1995-06-30,11353.721,1577.96,46.814,0.0,13.898174880288147
1995-09-30,11450.31,1568.555,10.647,0.0,13.698799421151046
1995-12-31,11528.067,1607.513,17.123,0.0,13.944341232576113
1996-03-31,11614.418,1633.332,2.307,0.0,14.06296897528572
1996-06-30,11808.14,1711.813,33.592,0.0,14.49688943389899
1996-09-30,11914.063,1789.565,74.191,0.0,15.020610517167821
1996-12-31,12037.775,1787.19,43.244,0.0,14.846514409847336
1997-03-31,12115.472,1823.255,35.64,0.0,15.048980345132243
1997-06-30,12317.221,1935.157,140.404,0.0,15.710987080608524
1997-09-30,12471.01,1962.053,93.072,0.0,15.732911768974606
1997-12-31,12577.495,1990.86,99.287,0.0,15.828748093320646
1998-03-31,12703.742,2078.205,151.744,0.0,16.358998789490528
1998-06-30,12821.339,2065.336,55.301,0.0,16.108582730711664
1998-09-30,12982.752,2118.989,69.982,0.0,16.32157034194291
1998-12-31,13191.67,2183.382,81.947,0.0,16.55121754865002
1999-03-31,13315.597,2243.548,113.307,0.0,16.84902299160901
1999-06-30,13426.748,2244.682,48.463,0.0,16.71798711050509
1999-09-30,13604.771,2306.47,60.068,0.0,16.953390836200033
1999-12-31,13827.98,2367.988,114.34,0.0,17.124612560909114
2000-03-31,13878.147,2351.223,20.031,0.0,16.9419087432926
2000-06-30,14130.908,2490.501,117.982,0.0,17.624493769260972
2000-09-30,14145.312,2466.375,84.692,0.0,17.435988686569797
2000-12-31,14229.765,2471.534,77.396,0.0,17.368761887494276
2001-03-31,14183.12,2358.969,-41.56,0.0,16.63222901590059
2001-06-30,14271.694,2362.652,0.135,1.0,16.554811222830313
2001-09-30,14214.516,2311.409,-43.518,1.0,16.26090540121099
2001-12-31,14253.574,2196.554,-111.609,0.6666666666666666,15.41054896126403
2002-03-31,14372.785,2262.071,-6.151,0.0,15.738571195492035
2002-06-30,14460.848,2298.939,32.416,0.0,15.897677646566786
2002-09-30,14519.633,2295.983,26.563,0.0,15.812954776474033
2002-12-31,14537.58,2293.746,39.749,0.0,15.778045589430977
2003-03-31,14614.141,2312.465,41.275,0.0,15.823475358558536
2003-06-30,14743.567,2327.492,-9.38,0.0,15.786491830640442
2003-09-30,14988.782,2411.638,3.437,0.0,16.089619556812554
2003-12-31,15162.76,2493.928,45.183,0.0,16.44771796163759
2004-03-31,15248.68,2498.14,55.562,0.0,16.382663942059246
2004-06-30,15366.85,2597.507,92.005,0.0,16.903314602537282
2004-09-30,15512.619,2638.672,80.645,0.0,17.009842116279657
2004-12-31,15670.88,2693.575,87.941,0.0,17.18840932991638
2005-03-31,15844.727,2769.261,121.598,0.0,17.47749266995891
2005-06-30,15922.782,2733.225,30.068,0.0,17.16549909431656
2005-09-30,16047.587,2769.106,15.581,0.0,17.255591136536605
2005-12-31,16136.734,2857.35,101.02,0.0,17.70711471106855
2006-03-31,16353.835,2899.229,94.172,0.0,17.728129212505813
2006-06-30,16396.151,2882.564,95.203,0.0,17.580735869046336
2006-09-30,16420.738,2871.589,95.318,0.0,17.487575771563982
2006-12-31,16561.866,2818.228,54.763,0.0,17.016367600124287
2007-03-31,16611.69,2800.037,29.668,0.0,16.85582261648273
2007-06-30,16713.314,2827.01,54.925,0.0,16.91471840952668
2007-09-30,16809.587,2794.526,36.338,0.0,16.624596428216826
2007-12-31,16915.191,2762.518,31.249,0.0,16.331580293713504
2008-03-31,16843.003,2686.998,-6.799,1.0,15.95320026957188
2008-06-30,16943.291,2641.85,-29.623,1.0,15.592307303226981
2008-09-30,16854.295,2589.254,-14.799,1.0,15.362576720058597
2008-12-31,16485.35,2338.938,-78.104,1.0,14.18797902379992
2009-03-31,16298.262,2073.135,-167.736,1.0,12.71997590908773
2009-06-30,16269.145,1952.641,-219.104,1.0,12.002111973308985
2009-09-30,16326.281,1946.867,-236.813,0.0,11.924742689409792
2009-12-31,16502.754,2128.516,-57.472,0.0,12.89794418555836
2010-03-31,16582.71,2174.335,-6.872,0.0,13.11206069454269
2010-06-30,16743.162,2288.469,35.277,0.0,13.668081333740902
2010-09-30,16872.266,2390.072,120.261,0.0,14.165684680409852
2010-12-31,16960.864,2383.297,68.909,0.0,14.051742882909737
2011-03-31,16920.632,2338.901,29.124,0.0,13.822775650460336
2011-06-30,17035.114,2434.538,65.52,0.0,14.291292679344558
2011-09-30,17031.313,2445.296,-14.852,0.0,14.357648174277578
2011-12-31,17222.583,2633.829,97.693,0.0,15.29288028398528
2012-03-31,17367.01,2692.179,77.751,0.0,15.50168393983766
2012-06-30,17444.525,2752.614,89.453,0.0,15.779243057635561
2012-09-30,17469.65,2759.86,85.498,0.0,15.798026863732243
2012-12-31,17489.852,2736.423,24.013,0.0,15.645775618913186
2013-03-31,17662.4,2845.38,75.942,0.0,16.109815200652232
2013-06-30,17709.671,2882.489,79.526,0.0,16.276355444434852
2013-09-30,17860.45,2998.991,137.289,0.0,16.791239862377484
2013-12-31,18016.147,3027.805,121.413,0.0,16.806062916782373
2014-03-31,17953.974,2998.148,58.313,0.0,16.699077318481137
2014-06-30,18185.911,3121.321,92.815,0.0,17.163401932408004
2014-09-30,18406.941,3193.152,106.049,0.0,17.347542973055656
2014-12-31,18500.031,3203.351,83.22,0.0,17.315381795846722
2015-03-31,18666.621,3314.895,169.373,0.0,17.758409516108994
2015-06-30,18782.243,3328.049,145.308,0.0,17.719124387859324
2015-09-30,18857.418,3335.27,120.301,0.0,17.68677981259152
2015-12-31,18892.206,3315.334,99.571,0.0,17.548686479493185
2016-03-31,19001.69,3301.09,62.384,0.0,17.372612646559336
2016-06-30,19062.709,3287.033,19.192,0.0,17.24326274927661
2016-09-30,19197.938,3301.079,-3.687,0.0,17.19496645941872
2016-12-31,19304.352,3391.749,55.55,0.0,17.569867147055753
2017-03-31,19398.343,3382.703,7.021,0.0,17.438102831772795
2017-06-30,19506.949,3435.929,26.048,0.0,17.613871856639395
2017-09-30,19660.766,3493.166,55.486,0.0,17.76719177675987
2017-12-31,19882.352,3558.859,42.14,0.0,17.899587533708285
2018-03-31,20044.077,3612.936,34.055,0.0,18.024955701377518
2018-06-30,20150.476,3612.389,0.466,0.0,17.927065345751636
2018-09-30,20276.154,3722.248,92.854,0.0,18.35776153603884
2018-12-31,20304.874,3724.752,89.813,0.0,18.344127621771992
2019-03-31,20431.641,3755.53,114.259,0.0,18.380951388094573
2019-06-30,20602.275,3790.049,82.473,0.0,18.396264490207997
2019-09-30,20843.322,3819.94,67.51,0.0,18.32692504582523
2019-12-31,20985.448,3770.431,25.3,0.0,17.966883528052392
2020-03-31,20709.212,3676.274,-39.853,0.3333333333333333,17.751877763383753
2020-06-30,19077.992,3163.508,-261.375,0.3333333333333333,16.5819757131673
2020-09-30,20558.879,3755.526,116.007,0.0,18.267173030202667
2020-12-31,20791.917,3878.929,89.407,0.0,18.65594692398974
2021-03-31,21082.134,3849.329,-10.347,0.0,18.25872561098417
2021-06-30,21440.929,3799.029,-120.79,0.0,17.718583928895992
2021-09-30,21617.828,3937.3,16.771,0.0,18.213208098426907
2021-12-31,21988.737,4191.773,207.912,0.0,19.063273165712065
2022-03-31,21932.71,4272.382,227.358,0.0,19.479498885454646
2022-06-30,21967.045,4176.99,114.446,0.0,19.014801490141256
2022-09-30,22125.625,4105.292,79.724,0.0,18.55446795288269
2022-12-31,22278.345,4184.98,160.565,0.0,18.784968093455774
2023-03-31,22439.607,4108.542,43.45,0.0,18.309331353263005
2023-06-30,22580.499,4180.752,16.981,0.0,18.514878701307712
2023-09-30,22840.989,4275.527,67.465,0.0,18.718659686758745
2023-12-31,23033.78,4313.169,61.893,0.0,18.725406772140744
2024-03-31,23082.119,4296.251,12.412,0.0,18.612896848855172
2024-06-30,23286.508,4381.983,75.071,0.0,18.817690484120675
2024-09-30,23478.57,4392.176,69.426,0.0,18.707169985224827
2024-12-31,23586.542,4315.564,17.053,0.0,18.296721918795896
2025-03-31,23548.21,4547.947,171.969,0.0,19.313344835976917
2025-06-30,23770.976,4382.819,-18.264,0.0,18.43769056853198
2025-09-30,24026.834,4383.186,-23.942,0.0,18.242877942220765
2025-12-31,24055.749,4408.299,-15.636,0.0,18.32534501420014
2026-03-31,24055.749,4408.299,-15.636,0.0,18.32534501420014
