DATE,PROFITS,INVESTMENT,RECESSION,PROFITS_YOY,INVEST_YOY,P_z,I_z
1948-03-31,35.747,47.202,0.0,6.815872826151903,31.650582919618444,-0.04907490183808094,1.9275944192793313
1948-06-30,37.589,50.336,0.0,18.69710749021094,45.880307201854784,0.6866081695915935,3.0544273717687735
1948-09-30,36.959,52.516,0.0,18.125159805676304,50.42823178940734,0.651193312369021,3.4145714749885845
1948-12-31,35.712,51.334,0.3333333333333333,4.656683175570753,18.691329479768793,-0.1827713836308265,0.9013683641537045
1949-03-31,32.519,43.14,1.0,-9.030128402383419,-8.605567560696581,-1.03025532485858,-1.2602366308429964
1949-06-30,28.692,36.241,1.0,-23.66915853042113,-28.001827717736806,-1.9367003999587995,-2.7962006921632367
1949-09-30,29.752,39.549,1.0,-19.499986471495458,-24.691522583593574,-1.6785463114020331,-2.5340620284785076
1949-12-31,29.205,37.468,0.3333333333333333,-18.220766129032274,-27.0113375150972,-1.5993373085342182,-2.7177650895250633
1950-03-31,33.477,46.749,0.0,2.945970048279456,8.365785813630055,-0.2886983115474883,0.08370228541607788
1950-06-30,39.923,52.291,0.0,39.143315209814574,44.286857426671446,1.9526322251343435,2.92824420200385
1950-09-30,48.501,58.641,0.0,63.017612261360576,48.274292649624506,3.430922712589908,3.2440038974147893
1950-12-31,53.221,68.441,0.0,82.23249443588428,82.66520764385608,4.620703399110204,5.967374745164835
1951-03-31,52.393,64.582,0.0,56.50446575260628,38.14627050846005,3.0276303138018816,2.44197928570438
1951-06-30,44.593,67.383,0.0,11.697517721614116,28.861563175307413,0.25319532611949963,1.7067356527495674
1951-09-30,40.666,61.981,0.0,-16.15430609678151,5.695673675414814,-1.4713826214584953,-0.12774034583286153
1951-12-31,43.868,57.084,0.0,-17.573890005824754,-16.593854560862642,-1.5592829011757454,-1.892818460764123
1952-03-31,41.59,58.132,0.0,-20.6191666825721,-9.987302963674082,-1.747845669461079,-1.3696544208728418
1952-06-30,39.667,53.004,0.0,-11.046576816989218,-21.339210186545564,-1.1551133051090843,-2.268596865478252
1952-09-30,39.898,57.22,0.0,-1.8885555500909645,-7.68138623126442,-0.5880509244433145,-1.187051939739762
1952-12-31,43.972,60.737,0.0,0.23707486094648456,6.399341321561214,-0.4564324223488438,-0.07201784021353062
1953-03-31,45.893,61.663,0.0,10.346237076220245,6.074107204293666,0.16952436736181672,-0.09777269767541334
1953-06-30,46.034,62.115,0.0,16.051125620793094,17.18926873443514,0.5227696356613559,0.7824221701929589
1953-09-30,45.077,61.435,0.6666666666666666,12.980600531354947,7.366305487591762,0.33264349199271437,0.004554766855174411
1953-12-31,35.591,56.446,1.0,-19.059856272173203,-7.06488631312051,-1.6512935598133585,-1.138232130642068
1954-03-31,38.019,55.717,1.0,-17.15730067766327,-9.642735514003531,-1.533487794426969,-1.3423685825148408
1954-06-30,39.141,55.449,0.6666666666666666,-14.973715080158145,-10.73170731707318,-1.3982807217174595,-1.4286028121943686
1954-09-30,41.473,58.971,0.0,-7.995208199303416,-4.010743061772615,-0.966173325368267,-0.8963785859786441
1954-12-31,44.539,62.139,0.0,25.14118737883173,10.08574566842646,1.085623980577951,0.21990362023484034
1955-03-31,49.715,68.702,0.0,30.76356558562825,23.305274871224224,1.4337602294501057,1.2667405670831122
1955-06-30,50.444,72.688,0.0,28.877647479624958,31.08983029450487,1.3169846531805482,1.8831891642202623
1955-09-30,51.731,74.747,0.0,24.734164396113133,26.752132404063023,1.060421219540439,1.5396926337220875
1955-12-31,53.871,78.882,0.0,20.952423718538803,26.94443103365036,0.8262567849767049,1.5549205066056175
1956-03-31,52.285,78.303,0.0,5.169465955948893,13.974847893802211,-0.1510200024392729,0.5278764562668177
1956-06-30,53.542,77.02,0.0,6.141463801443181,5.95971824785384,-0.0908341395542142,-0.10683100709593978
1956-09-30,50.939,78.267,0.0,-1.5309968877462277,4.709219099094275,-0.5659109817212173,-0.2058563725867756
1956-12-31,53.735,77.145,0.0,-0.25245493864973767,-2.202023275271936,-0.48674398480057524,-0.7531484701433764
1957-03-31,54.518,77.728,0.0,4.270823371903987,-0.7343269095692384,-0.20666372592766974,-0.6369235457302325
1957-06-30,52.239,77.907,0.0,-2.4336035262037314,1.1516489223578397,-0.6218001584649392,-0.48757562634242774
1957-09-30,51.138,79.339,0.3333333333333333,0.3906633424291872,1.3696704869229803,-0.44692226208450536,-0.47031078842761365
1957-12-31,46.878,71.045,1.0,-12.76077044756676,-7.90718776330287,-1.2612557449165678,-1.2049328629380534
1958-03-31,40.564,66.73,1.0,-25.595216258850286,-14.149341292713036,-2.055961411584803,-1.6992407041812152
1958-06-30,41.276,65.065,0.3333333333333333,-20.98623633683645,-16.48375627350559,-1.770574530418158,-1.8840999237253238
1958-09-30,45.972,71.999,0.0,-10.102076733544518,-9.251440023191627,-1.0966300967556526,-1.3113824126873752
1958-12-31,52.306,80.001,0.0,11.578992277827549,12.606094728693096,0.2458562603579892,0.419486712398444
1959-03-31,55.502,83.166,0.0,36.825756828715114,24.63060092911733,1.8091295912555214,1.3716913760521372
1959-06-30,60.398,89.381,0.0,46.32716348483379,37.37185891032044,2.39745430912518,2.3806546605559453
1959-09-30,54.549,83.606,0.0,18.657008613938906,16.12105723690607,0.6841252572267763,0.6978319215156544
1959-12-31,53.368,86.524,0.0,2.0303598057584304,8.153648079399002,-0.34539266819444414,0.06690338020493418
1960-03-31,58.778,96.476,0.0,5.902490000360339,16.004136305701856,-0.10563133739962625,0.6885731083789074
1960-06-30,54.428,87.096,0.6666666666666666,-9.884433259379454,-2.55647173336615,-1.08315366740486,-0.781216772425117
1960-09-30,52.155,86.377,1.0,-4.3887147335423204,3.3143554290361976,-0.7428601542204684,-0.3163137726373114
1960-12-31,50.05,75.963,1.0,-6.217208814270736,-12.205861957375996,-0.856080049242868,-1.545339158789088
1961-03-31,49.179,78.378,0.6666666666666666,-16.3309401476743,-18.759069613168045,-1.482319757602516,-2.0642789628632143
1961-06-30,52.095,84.108,0.0,-4.286396707576978,-3.4306971617525495,-0.7365246477067802,-0.850445522123363
1961-09-30,55.033,90.917,0.0,5.518167002204977,5.25602880396403,-0.1294285210845249,-0.16255523884959888
1961-12-31,59.311,92.931,0.0,18.50349650349652,22.337190474309864,0.674619825838106,1.1900792504196718
1962-03-31,58.34,98.074,0.0,18.627869619146374,25.129500625175428,0.6823209779752107,1.4111985798710491
1962-06-30,58.026,96.706,0.0,11.384969766772258,14.978361154705855,0.23384243512049574,0.6073433375793378
1962-09-30,59.757,98.16,0.0,8.583940544764035,7.966606905199236,0.06040340799271355,0.05209183822560566
1962-12-31,60.694,94.968,0.0,2.3317765675844315,2.191948865287152,-0.32672901787607034,-0.4051956565752689
1963-03-31,60.428,99.689,0.0,3.579019540623918,1.6467157452535686,-0.2495000457053201,-0.448371942654785
1963-06-30,64.064,101.65,0.0,10.405680212318602,5.11240253965628,0.1732050714449151,-0.1739288118194538
1963-09-30,65.769,104.612,0.0,10.060746021386624,6.572942135289317,0.15184683282737618,-0.05827062251571416
1963-12-31,67.404,107.189,0.0,11.055458529673423,12.868545194170666,0.21343918193732486,0.4402698159238934
1964-03-31,70.805,110.474,0.0,17.17250281326539,10.818645989025889,0.592205030257574,0.2779410224895326
1964-06-30,70.797,110.518,0.0,10.509802697302707,8.724053123462848,0.17965230960861506,0.11207299749117441
1964-09-30,72.492,112.631,0.0,10.222141130319763,7.665468588689639,0.1618403775060985,0.02824509519884056
1964-12-31,71.69,114.984,0.0,6.358673075781862,7.27220143858045,-0.0773845957478048,-0.0028972077077482395
1965-03-31,79.043,126.542,0.0,11.63477155568109,14.544598729112735,0.2493100992572036,0.572994267631423
1965-06-30,81.806,127.052,0.0,15.55009393053377,14.960458929767096,0.49174587902362155,0.6059256841811581
1965-09-30,83.277,131.237,0.0,14.877503724548902,16.51943070735409,0.4500992621068389,0.7293785871428158
1965-12-31,88.313,133.752,0.0,23.187334356256105,16.322270924650397,0.9646418913074813,0.7137657660051976
1966-03-31,90.826,144.2,0.0,14.90707589539868,13.95426024561015,0.4519303635112595,0.526246147770536
1966-06-30,91.204,143.501,0.0,11.488154903063341,12.946667506217935,0.2402316328881442,0.44645621797873986
1966-09-30,90.553,143.194,0.0,8.737106283847872,9.110997660720678,0.06988739215370796,0.14271462108975727
1966-12-31,88.953,145.855,0.0,0.7246951184989747,9.048836652909852,-0.4262390982616829,0.1377921735024465
1967-03-31,85.784,142.811,0.0,-5.551273864311968,-0.9632454923716893,-0.8148455241105564,-0.6550513040355007
1967-06-30,85.602,137.495,0.0,-6.142274461646413,-4.185336687549213,-0.8514401329165774,-0.9102044231429859
1967-09-30,87.148,142.835,0.0,-3.7602288162733477,-0.25070882858219123,-0.7039444638027542,-0.5986264726972569
1967-12-31,91.881,147.653,0.0,3.2916259148089377,1.2327311370881944,-0.2672953869578969,-0.4811548335282588
1968-03-31,95.276,152.288,0.0,11.065000466287401,6.636043442031769,0.21403001626002313,-0.05327371390580504
1968-06-30,97.59,158.943,0.0,14.004345692857644,15.59911269500709,0.39603353571046634,0.6564998269846322
1968-09-30,98.14,155.683,0.0,12.613026116491488,8.994994224104724,0.3098833763858966,0.1335284631299677
1968-12-31,100.619,160.76,0.0,9.510127229786347,8.87689379829737,0.11775265530752926,0.12417624738332173
1969-03-31,100.694,172.388,0.0,5.686636718586002,13.19867619247741,-0.11899691848643794,0.4664124508865866
1969-06-30,97.803,172.721,0.0,0.21826006762988293,8.66851638637749,-0.4575974296335954,0.10767511709797196
1969-09-30,94.702,177.564,0.0,-3.503158752802127,14.054842211416796,-0.6880267499275098,0.5342110999543659
1969-12-31,93.411,171.573,0.0,-7.163656963396569,6.726175665588463,-0.9146838813348391,-0.046136262921486614
1970-03-31,86.399,168.113,1.0,-14.19647645341331,-2.479870988699917,-1.3501543008256032,-0.7751508612687853
1970-06-30,86.35,171.455,1.0,-11.7102747359488,-0.7329739869500473,-1.1962093138428147,-0.6368164095862543
1970-09-30,88.276,173.904,1.0,-6.785495554476151,-2.0612286274244718,-0.8912682217104798,-0.7419991291173719
1970-12-31,84.026,166.754,0.6666666666666666,-10.046996606395398,-2.808716989269888,-1.0932195490927585,-0.8011917389686566
1971-03-31,94.536,189.495,0.0,9.417933077929153,12.718826027731357,0.11204401654026978,0.42841375413261384
1971-06-30,97.736,197.329,0.0,13.185871453387389,15.09084016214166,0.34535381601761134,0.6162504006768422
1971-09-30,101.096,202.058,0.0,14.522633558385078,16.18939184837611,0.42812579039418025,0.7032432485711007
1971-12-31,103.715,198.411,0.0,23.432032942184566,18.984252251820056,0.9797935663951651,0.924564529134495
1972-03-31,109.925,212.968,0.0,16.278454768553765,12.387134225177432,0.5368457994927102,0.4021475211561275
1972-06-30,111.285,226.798,0.0,13.862855038061706,14.933942806176482,0.3872724698412977,0.603825907597891
1972-09-30,115.772,233.09,0.0,14.51689483263432,15.357966524463285,0.42777044993455765,0.6374037822584095
1972-12-31,126.556,239.715,0.0,22.022851082292803,20.817394196894323,0.8925373789532804,1.0697286032465227
1973-03-31,141.563,254.313,0.0,28.781441892199222,19.41371473648623,1.3110276273286676,0.9585730924756664
1973-06-30,145.069,268.196,0.0,30.35808958979196,18.253247383133896,1.408653257452472,0.8666772251974769
1973-09-30,145.145,264.335,0.0,25.371419686970942,13.404693466043138,1.0998799073720384,0.4827266849526461
1973-12-31,152.745,280.858,0.3333333333333333,20.69360599260408,17.16329808314039,0.8102308562799098,0.7803655888357875
1974-03-31,157.26,268.361,1.0,11.088349356823457,5.523901648755669,0.21547577370777415,-0.1413427443134173
1974-06-30,162.207,277.391,1.0,11.813688658500432,3.428462766036766,0.2603886014040895,-0.3072777642858656
1974-09-30,172.572,271.013,1.0,18.896276137655434,2.526339682599721,0.6989406423040214,-0.3787156922074378
1974-12-31,154.068,281.339,1.0,0.8661494647942636,0.17126092188934905,-0.4174802806057708,-0.5652112490180001
1975-03-31,133.019,244.306,1.0,-15.414600025435576,-8.963672068594164,-1.4255802069864423,-1.2885944508492315
1975-06-30,140.826,243.281,0.0,-13.181305369065456,-12.296721955651059,-1.28729516181551,-1.552534241286033
1975-09-30,167.855,265.192,0.0,-2.733351876318302,-2.147867445473084,-0.6403605011484602,-0.7488599419627611
1975-12-31,177.391,276.236,0.0,15.13812082976347,-1.8138260248312554,0.46623660791748567,-0.7224076458528856
1976-03-31,193.546,304.638,0.0,45.502522196077244,24.695259224087817,2.3463927272867755,1.3768115804903553
1976-06-30,195.931,322.303,0.0,39.12984818144378,32.48178032809796,1.9517983501141973,1.9934158372717923
1976-09-30,197.82,328.307,0.0,17.85171725596497,23.799737548643996,0.634261818250844,1.3058964092935132
1976-12-31,197.559,337.65,0.0,11.369235192315275,22.232438929031684,0.23286815421523183,1.1817841147794825
1977-03-31,212.751,360.313,0.0,9.922705713370462,18.275789625719717,0.1432994115657096,0.8684623154258535
1977-06-30,227.171,389.703,0.0,15.944388585777624,20.91199895750271,0.516160505215257,1.0772202284952974
1977-09-30,235.983,414.134,0.0,19.291780406430092,26.142299737745468,0.7234301674621992,1.4914007954347528
1977-12-31,238.067,422.299,0.0,20.504254425260314,25.070042943876803,0.7985062547058933,1.4064902051171164
1978-03-31,238.131,434.799,0.0,11.92943863953635,20.672581894075435,0.26755581120796845,1.0582611094633925
1978-06-30,270.75,470.584,0.0,19.183346465878138,20.754523316474362,0.7167159650507445,1.0647499417908208
1978-09-30,277.887,492.368,0.0,17.757211324544553,18.89098697523024,0.6284100346726598,0.9171789758447774
1978-12-31,294.871,515.755,0.0,23.86050985646897,22.130291570664397,1.0063247494961114,1.1736952012394153
1979-03-31,294.758,525.809,0.0,23.779768278804525,20.93151088203975,1.0013252512513757,1.0787653518651346
1979-06-30,303.309,539.293,0.0,12.025484764542949,14.600793907145171,0.2735029631868381,0.5774442890880586
1979-09-30,307.044,545.621,0.0,10.492394390525629,10.815690702888903,0.17857439161774394,0.2777069973083597
1979-12-31,300.4,547.875,0.0,1.8750572284151446,6.227763182131052,-0.35500896484469646,-0.08560488502212822
1980-03-31,308.567,554.562,0.6666666666666666,4.684860122541212,5.468335460214657,-0.1810266741391905,-0.14574295692824762
1980-06-30,259.369,519.294,1.0,-14.486876419756744,-3.708373741175952,-1.3681357939299252,-0.8724343613744118
1980-09-30,273.866,495.071,0.3333333333333333,-10.80561743593752,-9.264672730705003,-1.140193160649843,-1.3124302932071223
1980-12-31,287.493,551.472,0.0,-4.296604527296932,0.6565366187542665,-0.7371567133444442,-0.526782911586874
1981-03-31,290.091,619.381,0.0,-5.987678526867746,11.688323397564204,-0.8418675913967506,0.346809620541004
1981-06-30,269.173,609.843,0.0,3.7799428613288333,17.436943234468337,-0.2370589240645543,0.8020351846543251
1981-09-30,276.768,652.297,0.6666666666666666,1.0596423068215843,31.758273055783913,-0.40549925234168593,1.9361222580260604
1981-12-31,264.071,643.395,1.0,-8.146980969971429,16.668661328226996,-0.975571057274211,0.7411959616600416
1982-03-31,232.072,588.318,1.0,-20.000275775532504,-5.015168369711054,-1.7095240996710217,-0.9759176910836035
1982-06-30,236.016,593.621,1.0,-12.318100255226195,-2.660028892682209,-1.233845717597049,-0.7894173262284823
1982-09-30,231.801,592.954,1.0,-16.24718175511619,-9.097542990386287,-1.4771334589359673,-1.2991955112115758
1982-12-31,221.016,549.242,0.6666666666666666,-16.304327245324192,-14.633778627437266,-1.480671893361621,-1.7376026528287283
1983-03-31,224.222,565.52,0.0,-3.382570926264261,-3.875115158808673,-0.6805599819431378,-0.885638392612593
1983-06-30,258.631,613.783,0.0,9.581977493051319,3.396443185129905,0.12220160559395908,-0.30981335233909263
1983-09-30,278.701,652.269,0.0,20.232872161897507,10.003305484067916,0.7817023330018439,0.21337529161075872
1983-12-31,286.539,718.496,0.0,29.646269953306547,30.815924492300304,1.3645775640350473,1.8614989278052492
1984-03-31,307.677,790.872,0.0,37.21980893935475,39.84863488470787,1.8335291991460765,2.576787257963889
1984-06-30,307.55,818.894,0.0,18.914592604908176,33.41751074891288,0.7000747933638436,2.0675150855711664
1984-09-30,286.582,838.852,0.0,2.827761651375482,28.605222691864853,-0.2960177458455214,1.6864363905803952
1984-12-31,288.699,831.741,0.0,0.7538240867735357,15.761396027256946,-0.42443543984959614,0.669350828366803
1985-03-31,284.354,809.865,0.0,-7.580352122518108,2.401526416411248,-0.9404855411101273,-0.38859948886150086
1985-06-30,283.403,827.04,0.0,-7.851406275402373,0.9947563420906747,-0.9572691462956121,-0.49999974124020086
1985-09-30,293.054,822.157,0.0,2.2583414171162053,-1.99021996728862,-0.33127610398074864,-0.7363760477022886
1985-12-31,292.145,859.545,0.0,1.19363073651102,3.3428675513170525,-0.39720272237008725,-0.3140559355707434
1986-03-31,262.509,863.457,0.0,-7.6823255519528395,6.617399196162332,-0.9467997102930403,-0.05475012695522886
1986-06-30,259.631,855.237,0.0,-8.388055172316466,3.4093876958792846,-0.9904983114391469,-0.30878829373803013
1986-09-30,260.908,835.832,0.0,-10.969309410552308,1.6633076164284777,-1.1503289266756824,-0.4470580544295095
1986-12-31,278.491,842.063,0.0,-4.673706549829704,-2.033866755085534,-0.7605067760292993,-0.739832378814851
1987-03-31,293.229,871.196,0.0,11.702455915797149,0.8962808802291278,0.25350109786516506,-0.5077978821764755
1987-06-30,335.736,874.588,0.0,29.31275541056346,2.262647663746997,1.343926427170129,-0.3995971126944564
1987-09-30,355.594,876.466,0.0,36.29095313290507,4.861503268599443,1.7760146805017039,-0.19379719161198145
1987-12-31,357.921,946.459,0.0,28.52156802194685,12.397647206919181,1.2949363024405296,0.4029800302069397
1988-03-31,364.815,908.569,0.0,24.413001442558556,4.289849815655722,1.0405348899811726,-0.23906566873809776
1988-06-30,386.624,934.525,0.0,15.15714728238855,6.853169721057228,0.4674147210935492,-0.036079772462910616
1988-09-30,394.999,942.009,0.0,11.081458067346484,7.478099549782868,0.21504906679120536,0.013407590049145294
1988-12-31,414.138,962.748,0.0,15.706538593712027,1.721046553522143,0.5014328933424215,-0.44248578474470074
1989-03-31,415.784,1005.487,0.0,13.971190877568084,10.667103984397453,0.3939805978606071,0.26594061256487933
1989-06-30,396.129,1001.047,0.0,2.4584609336202545,7.11826863914824,-0.31888475369456354,-0.015086941495190423
1989-09-30,381.767,996.46,0.0,-3.349881898435192,5.780305708331879,-0.6785358855360458,-0.12103844763472356
1989-12-31,381.62,995.809,0.0,-7.851972047964684,3.4340242721875303,-0.9573041787908149,-0.30683735600585577
1990-03-31,389.554,1010.838,0.0,-6.308564062109179,0.5321799287310469,-0.8617367432836238,-0.5366305525812683
1990-06-30,406.69,1014.72,0.0,2.666050705704448,1.3658699341789093,-0.3060308470558648,-0.47061174914791654
1990-09-30,414.315,1000.785,0.6666666666666666,8.525619029407983,0.43403648917166304,0.056792154384755995,-0.5444024011127417
1990-12-31,412.052,947.453,1.0,7.97442482050208,-4.855951291864202,0.022662347169618454,-0.9633095023120981
1991-03-31,419.655,924.569,1.0,7.727041693834491,-8.53440412806008,0.007344445992459831,-1.2546012931993027
1991-06-30,420.589,926.541,0.0,3.417590793970837,-8.689983443708604,-0.2594956732232273,-1.2669214124174497
1991-09-30,427.351,947.476,0.0,3.146398271846307,-5.326718525957119,-0.2762878461973763,-1.0005889338602152
1991-12-31,434.284,978.788,0.0,5.3954355275547705,3.3072880660043324,-0.1370280232225384,-0.31687342772222776
1992-03-31,460.234,956.817,0.0,9.669609560233994,3.487895441010891,0.12762776122201877,-0.30257136974953286
1992-06-30,476.926,1013.084,0.0,13.394786834653317,9.340439332959892,0.3582898040444745,0.160883802152259
1992-09-30,456.448,1024.162,0.0,6.808688876356905,8.093714247115491,-0.049519730208163394,0.06215729968738381
1992-12-31,473.111,1057.962,0.0,8.940462922879956,8.088983518392133,0.08247918425518878,0.0617826795676235
1993-03-31,476.366,1083.829,0.0,3.5051734552423275,13.274429697632883,-0.2540725767968007,0.47241127027216845
1993-06-30,503.128,1094.479,0.0,5.493934069436346,8.03437819568764,-0.13092901820566202,0.05745855664125346
1993-09-30,508.489,1095.852,0.0,11.40129872406057,6.99986916132409,0.2348535200616466,-0.02446283877356177
1993-12-31,560.399,1153.142,0.0,18.449792966132694,8.996542408895603,0.6712945162695665,0.13365106182578945
1994-03-31,569.189,1201.675,0.0,19.485647590298207,10.873117438267466,0.7354343748792077,0.28225454415431206
1994-06-30,591.648,1264.948,0.0,17.59393235916109,15.5753559456143,0.6182998420748707,0.6546185615764717
1994-09-30,629.705,1251.749,0.0,23.838470448721626,14.226099874800614,1.0049600748943122,0.5477727666908139
1994-12-31,653.542,1307.566,0.0,16.62083622561783,13.391585771743642,0.558045973469192,0.48168870406314507
1995-03-31,672.292,1327.586,0.0,18.114018366482853,10.477957850500342,0.6505034372476433,0.2509623816249227
1995-06-30,692.346,1303.988,0.0,17.019917248093464,3.0862928752802388,0.5827569703197387,-0.33437374314017776
1995-09-30,707.332,1303.248,0.0,12.327518441174835,4.1141634624833,0.2922048127153139,-0.2529780375325176
1995-12-31,710.943,1335.135,0.0,8.783062144437537,2.1084212957510395,0.07273296751895775,-0.41181009378626543
1996-03-31,738.865,1355.353,0.0,9.902393602779735,2.091540585694651,0.1420416907707649,-0.4131468547786554
1996-06-30,753.681,1418.388,0.0,8.859009801457663,8.77308686889755,0.07743562739937172,0.11595591461900491
1996-09-30,750.994,1474.35,0.0,6.17277318147631,13.128890280284322,-0.08889547059272918,0.4608861972558769
1996-12-31,767.718,1480.128,0.0,7.98587228511991,10.859800694311804,0.023371171308544367,0.2812000089003974
1997-03-31,782.583,1522.404,0.0,5.91691310320559,12.325276145771614,-0.10473826248773697,0.39724906206657234
1997-06-30,806.995,1590.218,0.0,7.073815049072474,12.114456693091036,-0.03310318406840822,0.38055454981921844
1997-09-30,842.423,1625.251,0.0,12.174398197588786,10.235086648353509,0.28272364562413554,0.2317297339388801
1997-12-31,836.112,1644.529,0.0,8.9087399279423,11.107215051671204,0.08051490436252065,0.30079242300919384
1998-03-31,761.336,1712.324,0.0,-2.7149835864055283,12.475006634244256,-0.6392231412425224,0.40910602043462285
1998-06-30,757.345,1695.773,0.0,-6.152454476173952,6.637769161209328,-0.8520704768636989,-0.053137056497871725
1998-09-30,760.731,1741.623,0.0,-9.69726610028454,7.160247863253133,-1.0715643238419184,-0.01176266253495897
1998-12-31,739.763,1796.964,0.0,-11.523456187687763,9.269219332708634,-1.1846415561752999,0.15524398499433917
1999-03-31,778.933,1853.063,0.0,2.3113316590835042,8.219180482198475,-0.3279949614843184,0.07209280408031037
1999-06-30,792.128,1848.341,0.0,4.59275495315874,8.996958909004915,-0.18672980313392568,0.13368404391585523
1999-09-30,796.885,1893.735,0.0,4.752534075777115,8.733922324176913,-0.176836319922639,0.11285452637808494
1999-12-31,822.903,1953.097,0.0,11.238734567692621,8.688710513955765,0.22478758825887477,0.10927426321989527
2000-03-31,808.353,1950.65,0.0,3.7769615615206975,5.266253764712792,-0.23724352540117608,-0.1617455377983987
2000-06-30,801.031,2075.786,0.0,1.1239345156338176,12.305359238365664,-0.401518294891947,0.3956718686416286
2000-09-30,776.963,2059.969,0.0,-2.499984313922343,8.778102532825361,-0.625910440196894,0.11635309837888458
2000-12-31,759.341,2067.227,0.0,-7.724118152443237,5.843539772986173,-0.9493874976367932,-0.11603102610223073
2001-03-31,751.482,1971.333,0.0,-7.035416457908861,1.0603132289236816,-0.9067432613886407,-0.494808378506752
2001-06-30,764.468,1973.033,1.0,-4.564492510277374,-4.950076742014842,-0.7537442700833348,-0.9707631716027989
2001-09-30,694.937,1944.909,1.0,-10.557259483398818,-5.585520947159884,-1.124814898499162,-1.0210831536083365
2001-12-31,659.188,1850.091,0.6666666666666666,-13.189462968547726,-10.503732778258023,-1.2878002783301064,-1.4105498114776793
2002-03-31,705.832,1912.659,0.0,-6.074663132317204,-2.9763616801423143,-0.8472536563566269,-0.8144672992141053
2002-06-30,768.231,1933.282,0.0,0.49223773918594116,-2.014715415302226,-0.4406328009049636,-0.738315809672391
2002-09-30,831.287,1933.197,0.0,19.62048358340396,-0.6021875573613111,0.7437833857650361,-0.6264596060617472
2002-12-31,922.151,1942.531,0.0,39.89195798467205,4.996510982432767,1.9989879980471412,-0.1831061101988604
2003-03-31,939.402,1960.221,0.0,33.091443856328425,2.4866952237696305,1.5779018683055097,-0.38185508420880804
2003-06-30,939.08,1972.386,0.0,22.239274384918083,2.022674395147739,0.9059382555882618,-0.4186002768746514
2003-09-30,1002.684,2044.304,0.0,20.618270224362934,5.747319078190172,0.805566084399272,-0.1236506150315057
2003-12-31,1081.171,2131.311,0.0,17.244464301399674,9.718249026656478,0.5966608675600243,0.19080204963079328
2004-03-31,1206.185,2154.052,0.0,28.399236961386066,9.888221787237272,1.2873615938425376,0.2042619666220968
2004-06-30,1268.751,2262.607,0.0,35.105741789836856,14.714209084834318,1.702626691305653,0.5864254862636156
2004-09-30,1335.237,2318.272,0.0,33.16628169991744,13.40152932244909,1.5825358088165318,0.482476120627051
2004-12-31,1344.039,2390.082,0.0,24.313267743955393,12.141400293059057,1.034359404369785,0.38268817768863267
2005-03-31,1642.162,2486.068,0.0,36.145118700696834,15.413555475912366,1.7669846490242764,0.6418057974376745
2005-06-30,1656.689,2476.474,0.0,30.57636998906801,9.452238059901696,1.4221691250464412,0.16973699474163742
2005-09-30,1709.452,2531.076,0.0,28.026110720418917,9.17942329459185,1.2642577105553825,0.1481331560881667
2005-12-31,1816.575,2645.263,0.0,35.15790836426622,10.676662976416718,1.7058568325146515,0.26669757643756226
2006-03-31,1854.762,2709.74,0.0,12.946347558888815,8.997018585171435,0.3305225565258215,0.13368876959216347
2006-06-30,1905.439,2709.252,0.0,15.014888129274716,9.399573748805757,0.4586060700012211,0.16556657794465557
2006-09-30,1946.625,2709.42,0.0,13.874212320673518,7.046173248057341,0.3879757099330221,-0.02079607969017662
2006-12-31,1867.629,2675.406,0.0,2.810453738491381,1.1395086235281626,-0.29708944747171107,-0.4885370004704863
2007-03-31,1803.019,2664.295,0.0,-2.789737982555174,-1.6770981717803113,-0.6438519147090211,-0.7115803489014422
2007-06-30,1875.794,2699.217,0.0,-1.5558094486362473,-0.37039743811206893,-0.5674473692703013,-0.608104454601957
2007-09-30,1786.175,2685.969,0.0,-8.242470943299306,-0.8655357973293198,-0.9814837724805775,-0.6473138031558185
2007-12-31,1791.645,2642.56,0.0,-4.068473984929555,-1.2277015152092785,-0.7230309273599754,-0.6759932249826057
2008-03-31,1623.619,2563.701,1.0,-9.949978341881039,-3.7756329535580724,-1.0872122024793118,-0.877760529005451
2008-06-30,1633.242,2540.595,1.0,-12.930630975469592,-5.876593100888162,-1.2717734662153681,-1.0441327705838768
2008-09-30,1555.041,2498.242,1.0,-12.940165437317175,-6.989172250312636,-1.2723638377024056,-1.1322364346435676
2008-12-31,943.079,2307.915,1.0,-47.362396010370354,-12.6636670501332,-3.403779724137958,-1.5815921355934441
2009-03-31,1297.893,2014.878,1.0,-20.061726304015902,-21.407449620685103,-1.7133291009872906,-2.2740006555674004
2009-06-30,1394.694,1863.65,1.0,-14.605796324120979,-26.64513627713192,-1.3754992845915024,-2.6887661002265264
2009-09-30,1588.807,1841.416,0.0,2.1713896932621157,-26.291528202632097,-0.336660132920484,-2.6607643468046307
2009-12-31,1741.262,1998.71,0.0,84.63585765349457,-13.397590465853371,4.769519046952025,-1.6397105553909026
2010-03-31,1827.302,2038.161,0.0,40.789880213546105,1.1555538350212835,2.054587117323973,-0.48726640149881956
2010-06-30,1823.027,2148.795,0.0,30.71161129251292,15.300351460842965,1.4305432326468472,0.6328413219493088
2010-09-30,1925.708,2236.495,0.0,21.20465229571622,21.455173627252066,0.8418747152345375,1.1202335086327924
2010-12-31,1938.802,2238.44,0.0,11.344645435322187,11.994236282402149,0.2313455626275825,0.3710344552875792
2011-03-31,1798.958,2205.962,0.0,-1.5511393300067455,8.232960987870918,-0.5671581966956962,0.07318406400816865
2011-06-30,1865.262,2297.352,0.0,2.316751205549883,6.913502684062456,-0.3276593845259571,-0.03130208531401161
2011-09-30,1848.535,2322.84,0.0,-4.0075130809032355,3.8607285059881757,-0.7192562434673261,-0.2730472148846
2011-12-31,1968.023,2504.095,0.0,1.507167828380629,11.867863333392892,-0.37778858425433026,0.3610271494239888
2012-03-31,2256.375,2567.75,0.0,25.426774832986652,16.400463833919176,1.1033074841341963,0.7199577585601812
2012-06-30,2194.357,2636.863,0.0,17.64336591856801,14.778362218763164,0.6213607556789251,0.5915056876703803
2012-09-30,2220.271,2644.119,0.0,20.10976259578532,13.831301338017244,0.7740794195353029,0.5165091953089375
2012-12-31,2190.469,2638.282,0.0,11.303018308221002,5.358702445394448,0.22876802135460078,-0.1544246496532707
2013-03-31,2191.813,2746.42,0.0,-2.8613151625948685,6.958231915100765,-0.6482839557506116,-0.027760036959891318
2013-06-30,2181.01,2780.242,0.0,-0.6082419588061438,5.437483858660852,-0.5087742278825728,-0.14818605424892448
2013-09-30,2226.937,2892.354,0.0,0.30023362013014143,9.388193194027949,-0.45252164781591775,0.16466536693825157
2013-12-31,2280.899,2934.291,0.0,4.128339638680112,11.219763467286658,-0.2154862829641028,0.3097049824481909
2014-03-31,2251.736,2922.765,0.0,2.7339467372444526,6.420904304512787,-0.30182674180640484,-0.07031029625400834
2014-06-30,2377.615,3059.096,0.0,9.014401584586928,10.029846322730162,0.0870574476495254,0.21547702534769833
2014-09-30,2408.545,3142.047,0.0,8.155057821572864,8.632864441904431,0.033847097306008336,0.10485188700188934
2014-12-31,2379.115,3172.016,0.0,4.306021441545638,8.101616370019205,-0.20448427028063187,0.06278305829703176
2015-03-31,2290.774,3282.283,0.0,1.7336845882465868,12.300612604845075,-0.36376272327772746,0.3952959890421154
2015-06-30,2318.349,3291.104,0.0,-2.4926659698899845,7.584201345757036,-0.6254572901693306,0.02180965024726555
2015-09-30,2234.367,3303.66,0.0,-7.231668912144052,5.143557687074685,-0.9188951641487224,-0.1714616771052169
2015-12-31,2106.688,3276.879,0.0,-11.450770559640866,3.305878658871819,-1.1801408803110232,-0.3169850367997397
2016-03-31,2180.464,3244.317,0.0,-4.81540300352632,-1.1566948980328617,-0.7692805849147983,-0.6703703053467648
2016-06-30,2243.841,3246.381,0.0,-3.2138388137420315,-1.3589057045903075,-0.6701121318417778,-0.6863831103497995
2016-09-30,2244.05,3261.571,0.0,0.43336658659924865,-1.2740112481308574,-0.44427808791243245,-0.67966043118014
2016-12-31,2291.483,3360.952,0.0,8.77182572834705,2.5656424909189512,0.07203721145192903,-0.3756033550559182
2017-03-31,2324.533,3363.101,0.0,6.607263408155317,3.6612945035888966,-0.06199194469602028,-0.2888401284571353
2017-06-30,2310.962,3432.968,0.0,2.9913438608172305,5.7475385667917545,-0.28588877645167526,-0.12363323402087938
2017-09-30,2371.175,3500.142,0.0,5.664980726810898,7.31460391326757,-0.1203378520673695,0.0004605879035267363
2017-12-31,2173.803,3574.446,0.0,-5.135538862823785,6.352188308550666,-0.7891033170551865,-0.07575182464046559
2018-03-31,2269.424,3645.635,0.0,-2.3707557604043417,8.400996580239495,-0.617908640564392,0.08649057922353151
2018-06-30,2365.255,3662.727,0.0,2.3493679255651934,6.692721866326745,-0.32563976540056333,-0.04878542481994515
2018-09-30,2313.748,3788.692,0.0,-2.4218794479530237,8.243951245406622,-0.6210742064792206,0.07405436789473355
2018-12-31,2321.84,3802.028,0.0,6.8100467245652,6.366916719402105,-0.04943565258755759,-0.07458550136138965
2019-03-31,2328.232,3850.77,0.0,2.5913183257073147,5.626866101515926,-0.3106582572877201,-0.13318912615441067
2019-06-30,2355.181,3903.996,0.0,-0.4259160217397362,6.587141220189219,-0.4974846515738019,-0.05714621585518749
2019-09-30,2382.038,3939.599,0.0,2.9514882346737936,3.983089678443119,-0.2883566268295197,-0.26335759627409766
2019-12-31,2436.478,3880.57,0.0,4.937377252523856,2.0657922561327924,-0.16539087676400666,-0.4151858307732979
2020-03-31,2272.882,3807.7,0.3333333333333333,-2.3773404025028366,-1.1184776031806676,-0.6183163599521707,-0.6673439285638909
2020-06-30,2139.236,3270.187,0.3333333333333333,-9.16893436215731,-16.234878314424506,-1.0388501550851141,-1.8643916089415316
2020-09-30,2908.079,3911.004,0.0,22.083652737697722,-0.7258352944043311,0.896302202211221,-0.6362511060119436
2020-12-31,2771.498,4064.655,0.0,13.750175458181847,4.743761870034557,0.38029537850716355,-0.20312097646849694
2021-03-31,3057.735,4058.943,0.0,34.53118111718953,6.598287680226922,1.6670500385142943,-0.05626354250010568
2021-06-30,3436.928,4049.667,0.0,60.66146979575886,23.83594577313164,3.2850309618728515,1.3087636904645719
2021-09-30,3459.252,4255.263,0.0,18.95316461485399,8.802317768020696,0.7024631625485708,0.11827067066835253
2021-12-31,3513.3,4622.306,0.0,26.765381032207138,13.71951617049907,1.1861936443626733,0.5076570764722936
2022-03-31,3510.866,4814.294,0.0,14.819171707162315,18.609549333410193,0.4464873582157839,0.8948923030615498
2022-06-30,3761.262,4811.513,0.0,9.436741182823738,18.81255915609852,0.11320860967960712,0.9109683810899775
2022-09-30,3653.009,4812.308,0.0,5.601124173665295,13.090730232185411,-0.12429183382746208,0.45786435376730594
2022-12-31,3504.201,4939.217,0.0,-0.2589872769191426,6.8561233289185175,-0.4871484655483708,-0.03584588018215946
2023-03-31,3755.682,4883.84,0.0,6.97309438753857,1.444573181446751,-0.03933978217700719,-0.46437934360510225
2023-06-30,3776.656,4961.052,0.0,0.40927752440536036,3.107941306611872,-0.445769676603654,-0.3326594326370121
2023-09-30,3903.375,5088.8,0.0,6.853692394406918,5.745517535452849,-0.046733123654189024,-0.12379327680635596
2023-12-31,3985.235,5161.154,0.0,13.727351827135493,4.493364029156854,0.37888214499531714,-0.2229496486716143
2024-03-31,4054.707,5155.029,0.0,7.961936074459985,5.552782236928322,0.021889047145981503,-0.13905572892262386
2024-06-30,4151.237,5290.171,0.0,9.918324570731363,6.634056647662656,0.14302813231197564,-0.05343104551114978
2024-09-30,4121.23,5330.249,0.0,5.581195760079405,4.744713881465179,-0.12552579620007123,-0.20304558794867086
2024-12-31,4389.468,5261.83,0.0,10.143266331847434,1.95064902151727,0.15695646976088312,-0.4243038704800098
2025-03-31,4006.211,5556.216,0.0,-1.196042032136968,7.782439245249639,-0.5451706610447535,0.03750784602042002
2025-06-30,4026.153,5358.632,0.0,-3.0131741454414773,1.2941169576559775,-0.6576870258930384,-0.47629377198838535
2025-09-30,4284.913,5419.029,0.0,3.9717026227606755,1.6655882304935643,-0.2251852077164081,-0.44687745563297077
2025-12-31,4538.634,5500.636,0.0,3.3982705876885344,4.538459053219146,-0.26069197555209345,-0.21937863365411822
2026-03-31,4538.634,5500.636,0.0,13.28993904714455,-1.0003210818297914,0.3517976553303018,-0.6579872706857127
