DATE,PROFITS_BEFORE_TAX,PROFITS_AFTER_TAX,RECESSION
1947-03-31,32.582,21.086,0.0
1947-06-30,30.708,19.828,0.0
1947-09-30,30.312,19.588,0.0
1947-12-31,32.999,21.327,0.0
1948-03-31,34.539,22.531,0.0
1948-06-30,36.305,23.657,0.0
1948-09-30,35.687,23.279,0.0
1948-12-31,34.432,22.48,0.3333333333333333
1949-03-31,31.295,20.459,1.0
1949-06-30,27.524,18.004,1.0
1949-09-30,28.636,18.7,1.0
1949-12-31,28.213,18.465,0.3333333333333333
1950-03-31,32.349,18.909,0.0
1950-06-30,38.839,22.731,0.0
1950-09-30,47.077,27.353,0.0
1950-12-31,51.781,30.141,0.0
1951-03-31,50.909,24.861,0.0
1951-06-30,42.901,20.897,0.0
1951-09-30,38.862,18.974,0.0
1951-12-31,41.872,20.596,0.0
1952-03-31,39.686,20.158,0.0
1952-06-30,37.787,19.415,0.0
1952-09-30,37.982,19.674,0.0
1952-12-31,42.12,21.9,0.0
1953-03-31,44.021,22.737,0.0
1953-06-30,44.134,22.758,0.0
1953-09-30,43.345,22.469,0.6666666666666666
1953-12-31,33.903,17.663,1.0
1954-03-31,36.179,20.083,1.0
1954-06-30,37.285,20.673,0.6666666666666666
1954-09-30,39.549,21.889,0.0
1954-12-31,42.311,23.287,0.0
1955-03-31,47.479,26.347,0.0
1955-06-30,48.204,26.824,0.0
1955-09-30,49.327,27.439,0.0
1955-12-31,51.335,28.579,0.0
1956-03-31,49.565,27.881,0.0
1956-06-30,50.782,28.686,0.0
1956-09-30,48.035,27.307,0.0
1956-12-31,50.835,28.979,0.0
1957-03-31,51.506,29.162,0.0
1957-06-30,48.951,27.595,0.0
1957-09-30,47.926,27.062,0.3333333333333333
1957-12-31,44.022,25.066,1.0
1958-03-31,37.984,21.656,1.0
1958-06-30,38.728,22.052,0.3333333333333333
1958-09-30,43.468,24.56,0.0
1958-12-31,49.846,27.998,0.0
1959-03-31,53.002,30.206,0.0
1959-06-30,57.858,32.906,0.0
1959-09-30,51.757,29.649,0.0
1959-12-31,50.328,28.92,0.0
1960-03-31,55.718,31.554,0.0
1960-06-30,51.26,29.144,0.6666666666666666
1960-09-30,49.079,27.947,1.0
1960-12-31,46.806,26.678,1.0
1961-03-31,45.791,25.835,0.6666666666666666
1961-06-30,48.919,27.495,0.0
1961-09-30,51.689,28.973,0.0
1961-12-31,55.955,31.239,0.0
1962-03-31,54.968,31.824,0.0
1962-06-30,54.402,31.542,0.0
1962-09-30,56.041,32.489,0.0
1962-12-31,56.318,32.69,0.0
1963-03-31,56.284,32.564,0.0
1963-06-30,60.108,34.696,0.0
1963-09-30,61.757,35.641,0.0
1963-12-31,63.192,36.476,0.0
1964-03-31,66.245,39.849,0.0
1964-06-30,66.389,39.989,0.0
1964-09-30,68.02,41.04,0.0
1964-12-31,67.254,40.738,0.0
1965-03-31,74.271,45.927,0.0
1965-06-30,76.862,47.63,0.0
1965-09-30,78.661,48.901,0.0
1965-12-31,83.821,52.085,0.0
1966-03-31,86.478,53.77,0.0
1966-06-30,86.716,54.088,0.0
1966-09-30,86.005,53.849,0.0
1966-12-31,84.225,52.789,0.0
1967-03-31,81.096,50.464,0.0
1967-06-30,81.15,50.806,0.0
1967-09-30,82.128,51.52,0.0
1967-12-31,86.941,54.557,0.0
1968-03-31,90.056,53.6,0.0
1968-06-30,92.098,55.034,0.0
1968-09-30,92.412,55.296,0.0
1968-12-31,94.515,56.495,0.0
1969-03-31,94.434,55.734,0.0
1969-06-30,91.367,53.899,0.0
1969-09-30,87.954,51.886,0.0
1969-12-31,86.475,50.879,0.0
1970-03-31,79.199,48.123,1.0
1970-06-30,78.97,47.814,1.0
1970-09-30,80.988,48.844,1.0
1970-12-31,77.494,46.818,0.6666666666666666
1971-03-31,87.06,52.676,0.0
1971-06-30,89.776,54.46,0.0
1971-09-30,93.344,58.792,0.0
1971-12-31,95.483,60.503,0.0
1972-03-31,101.061,63.921,0.0
1972-06-30,102.197,64.737,0.0
1972-09-30,105.844,67.076,0.0
1972-12-31,116.3,73.228,0.0
1973-03-31,129.079,83.063,0.0
1973-06-30,131.025,84.989,0.0
1973-09-30,128.741,84.757,0.0
1973-12-31,136.085,89.593,0.3333333333333333
1974-03-31,138.048,93.444,1.0
1974-06-30,144.043,97.379,1.0
1974-09-30,155.548,104.036,1.0
1974-12-31,138.592,92.432,1.0
1975-03-31,119.159,80.847,1.0
1975-06-30,127.474,86.054,0.0
1975-09-30,153.487,101.463,0.0
1975-12-31,160.447,107.147,0.0
1976-03-31,177.534,116.69,0.0
1976-06-30,179.347,119.967,0.0
1976-09-30,181.424,122.444,0.0
1976-12-31,180.359,121.891,0.0
1977-03-31,193.603,130.683,0.0
1977-06-30,207.991,139.571,0.0
1977-09-30,216.223,145.383,0.0
1977-12-31,219.703,147.867,0.0
1978-03-31,215.695,149.503,0.0
1978-06-30,251.07,171.062,0.0
1978-09-30,255.419,175.191,0.0
1978-12-31,267.979,182.999,0.0
1979-03-31,266.99,185.066,0.0
1979-06-30,270.529,188.417,0.0
1979-09-30,268.06,187.024,0.0
1979-12-31,261.487,183.611,0.0
1980-03-31,268.319,182.931,0.6666666666666666
1980-06-30,222.517,157.585,1.0
1980-09-30,238.974,166.83,0.3333333333333333
1980-12-31,257.601,178.129,0.0
1981-03-31,259.952,181.812,0.0
1981-06-30,241.67,172.594,0.0
1981-09-30,249.283,177.635,0.6666666666666666
1981-12-31,230.481,168.085,1.0
1982-03-31,200.457,149.845,1.0
1982-06-30,202.409,149.673,1.0
1982-09-30,200.662,147.45,1.0
1982-12-31,187.026,138.41,0.6666666666666666
1983-03-31,191.313,141.073,0.0
1983-06-30,224.285,158.953,0.0
1983-09-30,243.703,169.719,0.0
1983-12-31,248.566,172.446,0.0
1984-03-31,273.054,184.618,0.0
1984-06-30,271.107,183.963,0.0
1984-09-30,248.743,173.999,0.0
1984-12-31,251.329,175.745,0.0
1985-03-31,248.81,168.298,0.0
1985-06-30,243.479,164.667,0.0
1985-09-30,257.286,172.546,0.0
1985-12-31,250.989,168.613,0.0
1986-03-31,220.651,132.811,0.0
1986-06-30,221.179,132.775,0.0
1986-09-30,221.56,131.556,0.0
1986-12-31,240.254,139.018,0.0
1987-03-31,251.934,150.392,0.0
1987-06-30,287.268,172.146,0.0
1987-09-30,307.84,187.956,0.0
1987-12-31,303.401,189.141,0.0
1988-03-31,312.112,199.521,0.0
1988-06-30,328.894,208.891,0.0
1988-09-30,337.849,208.729,0.0
1988-12-31,353.783,218.432,0.0
1989-03-31,351.774,214.604,0.0
1989-06-30,332.145,209.181,0.0
1989-09-30,315.216,196.282,0.0
1989-12-31,307.641,189.022,0.0
1990-03-31,316.134,199.381,0.0
1990-06-30,331.563,209.896,0.0
1990-09-30,343.367,218.228,0.6666666666666666
1990-12-31,327.199,203.494,1.0
1991-03-31,335.495,215.338,1.0
1991-06-30,345.892,229.896,0.0
1991-09-30,357.345,240.429,0.0
1991-12-31,357.263,239.08,0.0
1992-03-31,381.71,251.278,0.0
1992-06-30,401.323,268.952,0.0
1992-09-30,385.191,257.395,0.0
1992-12-31,406.135,269.078,0.0
1993-03-31,393.561,251.833,0.0
1993-06-30,430.165,276.043,0.0
1993-09-30,428.416,282.033,0.0
1993-12-31,488.517,310.562,0.0
1994-03-31,494.116,338.195,0.0
1994-06-30,514.346,350.222,0.0
1994-09-30,550.442,370.216,0.0
1994-12-31,573.316,382.903,0.0
1995-03-31,583.529,388.783,0.0
1995-06-30,595.613,404.58,0.0
1995-09-30,620.319,422.293,0.0
1995-12-31,611.665,417.673,0.0
1996-03-31,638.205,436.544,0.0
1996-06-30,655.788,442.397,0.0
1996-09-30,652.342,438.626,0.0
1996-12-31,657.043,440.267,0.0
1997-03-31,679.243,461.042,0.0
1997-06-30,694.007,471.53,0.0
1997-09-30,732.915,498.713,0.0
1997-12-31,731.73,507.563,0.0
1998-03-31,652.697,430.553,0.0
1998-06-30,651.335,432.398,0.0
1998-09-30,664.647,439.19,0.0
1998-12-31,639.451,418.769,0.0
1999-03-31,664.325,437.853,0.0
1999-06-30,675.273,451.722,0.0
1999-09-30,678.388,450.778,0.0
1999-12-31,685.985,454.075,0.0
2000-03-31,677.201,433.892,0.0
2000-06-30,662.506,420.797,0.0
2000-09-30,632.472,409.678,0.0
2000-12-31,590.855,364.876,0.0
2001-03-31,592.071,403.474,0.0
2001-06-30,594.403,411.714,1.0
2001-09-30,549.428,386.599,1.0
2001-12-31,458.944,312.469,0.6666666666666666
2002-03-31,547.404,400.039,0.0
2002-06-30,622.678,469.006,0.0
2002-09-30,675.817,514.01,0.0
2002-12-31,754.496,574.643,0.0
2003-03-31,794.994,595.052,0.0
2003-06-30,786.439,589.984,0.0
2003-09-30,846.881,629.231,0.0
2003-12-31,898.331,657.325,0.0
2004-03-31,1002.169,750.76,0.0
2004-06-30,1081.007,809.425,0.0
2004-09-30,1130.064,837.328,0.0
2004-12-31,1160.446,862.126,0.0
2005-03-31,1419.937,1044.19,0.0
2005-06-30,1436.541,1072.579,0.0
2005-09-30,1470.813,1100.564,0.0
2005-12-31,1594.726,1185.689,0.0
2006-03-31,1624.347,1202.966,0.0
2006-06-30,1667.269,1234.635,0.0
2006-09-30,1713.045,1261.756,0.0
2006-12-31,1610.917,1195.635,0.0
2007-03-31,1531.912,1113.293,0.0
2007-06-30,1568.302,1154.996,0.0
2007-09-30,1425.6,1049.092,0.0
2007-12-31,1379.716,1021.021,0.0
2008-03-31,1223.192,925.208,1.0
2008-06-30,1232.134,946.904,1.0
2008-09-30,1131.978,861.328,1.0
2008-12-31,606.907,437.097,1.0
2009-03-31,953.894,781.917,1.0
2009-06-30,1076.138,880.807,1.0
2009-09-30,1219.455,1013.041,0.0
2009-12-31,1378.115,1136.105,0.0
2010-03-31,1438.161,1181.82,0.0
2010-06-30,1437.759,1175.512,0.0
2010-09-30,1550.85,1271.669,0.0
2010-12-31,1544.912,1253.61,0.0
2011-03-31,1402.254,1117.133,0.0
2011-06-30,1466.33,1181.216,0.0
2011-09-30,1423.43,1167.049,0.0
2011-12-31,1538.566,1242.128,0.0
2012-03-31,1837.744,1517.857,0.0
2012-06-30,1793.298,1459.059,0.0
2012-09-30,1817.864,1476.145,0.0
2012-12-31,1791.111,1448.602,0.0
2013-03-31,1804.425,1443.881,0.0
2013-06-30,1786.078,1428.916,0.0
2013-09-30,1818.268,1453.948,0.0
2013-12-31,1876.522,1508.877,0.0
2014-03-31,1845.818,1442.241,0.0
2014-06-30,1982.948,1557.913,0.0
2014-09-30,1986.923,1589.408,0.0
2014-12-31,1981.815,1580.383,0.0
2015-03-31,1898.316,1484.575,0.0
2015-06-30,1931.079,1511.661,0.0
2015-09-30,1841.702,1450.321,0.0
2015-12-31,1698.281,1338.32,0.0
2016-03-31,1786.256,1411.69,0.0
2016-06-30,1841.01,1462.586,0.0
2016-09-30,1833.756,1447.253,0.0
2016-12-31,1819.176,1454.532,0.0
2017-03-31,1855.389,1576.522,0.0
2017-06-30,1846.521,1555.409,0.0
2017-09-30,1852.518,1542.845,0.0
2017-12-31,1630.454,1321.482,0.0
2018-03-31,1730.938,1448.499,0.0
2018-06-30,1838.363,1536.391,0.0
2018-09-30,1811.157,1511.755,0.0
2018-12-31,1807.448,1501.568,0.0
2019-03-31,1787.18,1504.087,0.0
2019-06-30,1805.093,1509.203,0.0
2019-09-30,1851.007,1556.764,0.0
2019-12-31,1926.549,1610.995,0.0
2020-03-31,1763.919,1494.581,0.3333333333333333
2020-06-30,1725.047,1444.12,0.3333333333333333
2020-09-30,2473.966,2122.114,0.0
2020-12-31,2347.734,2005.615,0.0
2021-03-31,2635.929,2261.6,0.0
2021-06-30,3072.355,2619.926,0.0
2021-09-30,3073.925,2587.28,0.0
2021-12-31,3084.132,2522.031,0.0
2022-03-31,3107.155,2522.895,0.0
2022-06-30,3312.4,2707.815,0.0
2022-09-30,3180.191,2579.145,0.0
2022-12-31,3031.663,2419.281,0.0
2023-03-31,3291.906,2683.817,0.0
2023-06-30,3296.913,2696.017,0.0
2023-09-30,3407.621,2795.356,0.0
2023-12-31,3532.203,2901.412,0.0
2024-03-31,3610.965,2949.362,0.0
2024-06-30,3701.513,3018.994,0.0
2024-09-30,3708.111,3030.875,0.0
2024-12-31,3865.693,3165.685,0.0
2025-03-31,3520.388,2849.957,0.0
2025-06-30,3554.693,2884.437,0.0
2025-09-30,3763.009,3069.44,0.0
2025-12-31,3911.506,3165.079,0.0
2026-03-31,3911.506,3165.079,0.0
