DATE,PROFITS,INVESTMENT,RECESSION
1947-03-31,33.466,35.854,0.0
1947-06-30,31.668,34.505,0.0
1947-09-30,31.288,34.911,0.0
1947-12-31,34.123,43.25,0.0
1948-03-31,35.747,47.202,0.0
1948-06-30,37.589,50.336,0.0
1948-09-30,36.959,52.516,0.0
1948-12-31,35.712,51.334,0.3333333333333333
1949-03-31,32.519,43.14,1.0
1949-06-30,28.692,36.241,1.0
1949-09-30,29.752,39.549,1.0
1949-12-31,29.205,37.468,0.3333333333333333
1950-03-31,33.477,46.749,0.0
1950-06-30,39.923,52.291,0.0
1950-09-30,48.501,58.641,0.0
1950-12-31,53.221,68.441,0.0
1951-03-31,52.393,64.582,0.0
1951-06-30,44.593,67.383,0.0
1951-09-30,40.666,61.981,0.0
1951-12-31,43.868,57.084,0.0
1952-03-31,41.59,58.132,0.0
1952-06-30,39.667,53.004,0.0
1952-09-30,39.898,57.22,0.0
1952-12-31,43.972,60.737,0.0
1953-03-31,45.893,61.663,0.0
1953-06-30,46.034,62.115,0.0
1953-09-30,45.077,61.435,0.6666666666666666
1953-12-31,35.591,56.446,1.0
1954-03-31,38.019,55.717,1.0
1954-06-30,39.141,55.449,0.6666666666666666
1954-09-30,41.473,58.971,0.0
1954-12-31,44.539,62.139,0.0
1955-03-31,49.715,68.702,0.0
1955-06-30,50.444,72.688,0.0
1955-09-30,51.731,74.747,0.0
1955-12-31,53.871,78.882,0.0
1956-03-31,52.285,78.303,0.0
1956-06-30,53.542,77.02,0.0
1956-09-30,50.939,78.267,0.0
1956-12-31,53.735,77.145,0.0
1957-03-31,54.518,77.728,0.0
1957-06-30,52.239,77.907,0.0
1957-09-30,51.138,79.339,0.3333333333333333
1957-12-31,46.878,71.045,1.0
1958-03-31,40.564,66.73,1.0
1958-06-30,41.276,65.065,0.3333333333333333
1958-09-30,45.972,71.999,0.0
1958-12-31,52.306,80.001,0.0
1959-03-31,55.502,83.166,0.0
1959-06-30,60.398,89.381,0.0
1959-09-30,54.549,83.606,0.0
1959-12-31,53.368,86.524,0.0
1960-03-31,58.778,96.476,0.0
1960-06-30,54.428,87.096,0.6666666666666666
1960-09-30,52.155,86.377,1.0
1960-12-31,50.05,75.963,1.0
1961-03-31,49.179,78.378,0.6666666666666666
1961-06-30,52.095,84.108,0.0
1961-09-30,55.033,90.917,0.0
1961-12-31,59.311,92.931,0.0
1962-03-31,58.34,98.074,0.0
1962-06-30,58.026,96.706,0.0
1962-09-30,59.757,98.16,0.0
1962-12-31,60.694,94.968,0.0
1963-03-31,60.428,99.689,0.0
1963-06-30,64.064,101.65,0.0
1963-09-30,65.769,104.612,0.0
1963-12-31,67.404,107.189,0.0
1964-03-31,70.805,110.474,0.0
1964-06-30,70.797,110.518,0.0
1964-09-30,72.492,112.631,0.0
1964-12-31,71.69,114.984,0.0
1965-03-31,79.043,126.542,0.0
1965-06-30,81.806,127.052,0.0
1965-09-30,83.277,131.237,0.0
1965-12-31,88.313,133.752,0.0
1966-03-31,90.826,144.2,0.0
1966-06-30,91.204,143.501,0.0
1966-09-30,90.553,143.194,0.0
1966-12-31,88.953,145.855,0.0
1967-03-31,85.784,142.811,0.0
1967-06-30,85.602,137.495,0.0
1967-09-30,87.148,142.835,0.0
1967-12-31,91.881,147.653,0.0
1968-03-31,95.276,152.288,0.0
1968-06-30,97.59,158.943,0.0
1968-09-30,98.14,155.683,0.0
1968-12-31,100.619,160.76,0.0
1969-03-31,100.694,172.388,0.0
1969-06-30,97.803,172.721,0.0
1969-09-30,94.702,177.564,0.0
1969-12-31,93.411,171.573,0.0
1970-03-31,86.399,168.113,1.0
1970-06-30,86.35,171.455,1.0
1970-09-30,88.276,173.904,1.0
1970-12-31,84.026,166.754,0.6666666666666666
1971-03-31,94.536,189.495,0.0
1971-06-30,97.736,197.329,0.0
1971-09-30,101.096,202.058,0.0
1971-12-31,103.715,198.411,0.0
1972-03-31,109.925,212.968,0.0
1972-06-30,111.285,226.798,0.0
1972-09-30,115.772,233.09,0.0
1972-12-31,126.556,239.715,0.0
1973-03-31,141.563,254.313,0.0
1973-06-30,145.069,268.196,0.0
1973-09-30,145.145,264.335,0.0
1973-12-31,152.745,280.858,0.3333333333333333
1974-03-31,157.26,268.361,1.0
1974-06-30,162.207,277.391,1.0
1974-09-30,172.572,271.013,1.0
1974-12-31,154.068,281.339,1.0
1975-03-31,133.019,244.306,1.0
1975-06-30,140.826,243.281,0.0
1975-09-30,167.855,265.192,0.0
1975-12-31,177.391,276.236,0.0
1976-03-31,193.546,304.638,0.0
1976-06-30,195.931,322.303,0.0
1976-09-30,197.82,328.307,0.0
1976-12-31,197.559,337.65,0.0
1977-03-31,212.751,360.313,0.0
1977-06-30,227.171,389.703,0.0
1977-09-30,235.983,414.134,0.0
1977-12-31,238.067,422.299,0.0
1978-03-31,238.131,434.799,0.0
1978-06-30,270.75,470.584,0.0
1978-09-30,277.887,492.368,0.0
1978-12-31,294.871,515.755,0.0
1979-03-31,294.758,525.809,0.0
1979-06-30,303.309,539.293,0.0
1979-09-30,307.044,545.621,0.0
1979-12-31,300.4,547.875,0.0
1980-03-31,308.567,554.562,0.6666666666666666
1980-06-30,259.369,519.294,1.0
1980-09-30,273.866,495.071,0.3333333333333333
1980-12-31,287.493,551.472,0.0
1981-03-31,290.091,619.381,0.0
1981-06-30,269.173,609.843,0.0
1981-09-30,276.768,652.297,0.6666666666666666
1981-12-31,264.071,643.395,1.0
1982-03-31,232.072,588.318,1.0
1982-06-30,236.016,593.621,1.0
1982-09-30,231.801,592.954,1.0
1982-12-31,221.016,549.242,0.6666666666666666
1983-03-31,224.222,565.52,0.0
1983-06-30,258.631,613.783,0.0
1983-09-30,278.701,652.269,0.0
1983-12-31,286.539,718.496,0.0
1984-03-31,307.677,790.872,0.0
1984-06-30,307.55,818.894,0.0
1984-09-30,286.582,838.852,0.0
1984-12-31,288.699,831.741,0.0
1985-03-31,284.354,809.865,0.0
1985-06-30,283.403,827.04,0.0
1985-09-30,293.054,822.157,0.0
1985-12-31,292.145,859.545,0.0
1986-03-31,262.509,863.457,0.0
1986-06-30,259.631,855.237,0.0
1986-09-30,260.908,835.832,0.0
1986-12-31,278.491,842.063,0.0
1987-03-31,293.229,871.196,0.0
1987-06-30,335.736,874.588,0.0
1987-09-30,355.594,876.466,0.0
1987-12-31,357.921,946.459,0.0
1988-03-31,364.815,908.569,0.0
1988-06-30,386.624,934.525,0.0
1988-09-30,394.999,942.009,0.0
1988-12-31,414.138,962.748,0.0
1989-03-31,415.784,1005.487,0.0
1989-06-30,396.129,1001.047,0.0
1989-09-30,381.767,996.46,0.0
1989-12-31,381.62,995.809,0.0
1990-03-31,389.554,1010.838,0.0
1990-06-30,406.69,1014.72,0.0
1990-09-30,414.315,1000.785,0.6666666666666666
1990-12-31,412.052,947.453,1.0
1991-03-31,419.655,924.569,1.0
1991-06-30,420.589,926.541,0.0
1991-09-30,427.351,947.476,0.0
1991-12-31,434.284,978.788,0.0
1992-03-31,460.234,956.817,0.0
1992-06-30,476.926,1013.084,0.0
1992-09-30,456.448,1024.162,0.0
1992-12-31,473.111,1057.962,0.0
1993-03-31,476.366,1083.829,0.0
1993-06-30,503.128,1094.479,0.0
1993-09-30,508.489,1095.852,0.0
1993-12-31,560.399,1153.142,0.0
1994-03-31,569.189,1201.675,0.0
1994-06-30,591.648,1264.948,0.0
1994-09-30,629.705,1251.749,0.0
1994-12-31,653.542,1307.566,0.0
1995-03-31,672.292,1327.586,0.0
1995-06-30,692.346,1303.988,0.0
1995-09-30,707.332,1303.248,0.0
1995-12-31,710.943,1335.135,0.0
1996-03-31,738.865,1355.353,0.0
1996-06-30,753.681,1418.388,0.0
1996-09-30,750.994,1474.35,0.0
1996-12-31,767.718,1480.128,0.0
1997-03-31,782.583,1522.404,0.0
1997-06-30,806.995,1590.218,0.0
1997-09-30,842.423,1625.251,0.0
1997-12-31,836.112,1644.529,0.0
1998-03-31,761.336,1712.324,0.0
1998-06-30,757.345,1695.773,0.0
1998-09-30,760.731,1741.623,0.0
1998-12-31,739.763,1796.964,0.0
1999-03-31,778.933,1853.063,0.0
1999-06-30,792.128,1848.341,0.0
1999-09-30,796.885,1893.735,0.0
1999-12-31,822.903,1953.097,0.0
2000-03-31,808.353,1950.65,0.0
2000-06-30,801.031,2075.786,0.0
2000-09-30,776.963,2059.969,0.0
2000-12-31,759.341,2067.227,0.0
2001-03-31,751.482,1971.333,0.0
2001-06-30,764.468,1973.033,1.0
2001-09-30,694.937,1944.909,1.0
2001-12-31,659.188,1850.091,0.6666666666666666
2002-03-31,705.832,1912.659,0.0
2002-06-30,768.231,1933.282,0.0
2002-09-30,831.287,1933.197,0.0
2002-12-31,922.151,1942.531,0.0
2003-03-31,939.402,1960.221,0.0
2003-06-30,939.08,1972.386,0.0
2003-09-30,1002.684,2044.304,0.0
2003-12-31,1081.171,2131.311,0.0
2004-03-31,1206.185,2154.052,0.0
2004-06-30,1268.751,2262.607,0.0
2004-09-30,1335.237,2318.272,0.0
2004-12-31,1344.039,2390.082,0.0
2005-03-31,1642.162,2486.068,0.0
2005-06-30,1656.689,2476.474,0.0
2005-09-30,1709.452,2531.076,0.0
2005-12-31,1816.575,2645.263,0.0
2006-03-31,1854.762,2709.74,0.0
2006-06-30,1905.439,2709.252,0.0
2006-09-30,1946.625,2709.42,0.0
2006-12-31,1867.629,2675.406,0.0
2007-03-31,1803.019,2664.295,0.0
2007-06-30,1875.794,2699.217,0.0
2007-09-30,1786.175,2685.969,0.0
2007-12-31,1791.645,2642.56,0.0
2008-03-31,1623.619,2563.701,1.0
2008-06-30,1633.242,2540.595,1.0
2008-09-30,1555.041,2498.242,1.0
2008-12-31,943.079,2307.915,1.0
2009-03-31,1297.893,2014.878,1.0
2009-06-30,1394.694,1863.65,1.0
2009-09-30,1588.807,1841.416,0.0
2009-12-31,1741.262,1998.71,0.0
2010-03-31,1827.302,2038.161,0.0
2010-06-30,1823.027,2148.795,0.0
2010-09-30,1925.708,2236.495,0.0
2010-12-31,1938.802,2238.44,0.0
2011-03-31,1798.958,2205.962,0.0
2011-06-30,1865.262,2297.352,0.0
2011-09-30,1848.535,2322.84,0.0
2011-12-31,1968.023,2504.095,0.0
2012-03-31,2256.375,2567.75,0.0
2012-06-30,2194.357,2636.863,0.0
2012-09-30,2220.271,2644.119,0.0
2012-12-31,2190.469,2638.282,0.0
2013-03-31,2191.813,2746.42,0.0
2013-06-30,2181.01,2780.242,0.0
2013-09-30,2226.937,2892.354,0.0
2013-12-31,2280.899,2934.291,0.0
2014-03-31,2251.736,2922.765,0.0
2014-06-30,2377.615,3059.096,0.0
2014-09-30,2408.545,3142.047,0.0
2014-12-31,2379.115,3172.016,0.0
2015-03-31,2290.774,3282.283,0.0
2015-06-30,2318.349,3291.104,0.0
2015-09-30,2234.367,3303.66,0.0
2015-12-31,2106.688,3276.879,0.0
2016-03-31,2180.464,3244.317,0.0
2016-06-30,2243.841,3246.381,0.0
2016-09-30,2244.05,3261.571,0.0
2016-12-31,2291.483,3360.952,0.0
2017-03-31,2324.533,3363.101,0.0
2017-06-30,2310.962,3432.968,0.0
2017-09-30,2371.175,3500.142,0.0
2017-12-31,2173.803,3574.446,0.0
2018-03-31,2269.424,3645.635,0.0
2018-06-30,2365.255,3662.727,0.0
2018-09-30,2313.748,3788.692,0.0
2018-12-31,2321.84,3802.028,0.0
2019-03-31,2328.232,3850.77,0.0
2019-06-30,2355.181,3903.996,0.0
2019-09-30,2382.038,3939.599,0.0
2019-12-31,2436.478,3880.57,0.0
2020-03-31,2272.882,3807.7,0.3333333333333333
2020-06-30,2139.236,3270.187,0.3333333333333333
2020-09-30,2908.079,3911.004,0.0
2020-12-31,2771.498,4064.655,0.0
2021-03-31,3057.735,4058.943,0.0
2021-06-30,3436.928,4049.667,0.0
2021-09-30,3459.252,4255.263,0.0
2021-12-31,3513.3,4622.306,0.0
2022-03-31,3510.866,4814.294,0.0
2022-06-30,3761.262,4811.513,0.0
2022-09-30,3653.009,4812.308,0.0
2022-12-31,3504.201,4939.217,0.0
2023-03-31,3755.682,4883.84,0.0
2023-06-30,3776.656,4961.052,0.0
2023-09-30,3903.375,5088.8,0.0
2023-12-31,3985.235,5161.154,0.0
2024-03-31,4054.707,5155.029,0.0
2024-06-30,4151.237,5290.171,0.0
2024-09-30,4121.23,5330.249,0.0
2024-12-31,4389.468,5261.83,0.0
2025-03-31,4006.211,5556.216,0.0
2025-06-30,4026.153,5358.632,0.0
2025-09-30,4284.913,5419.029,0.0
2025-12-31,4538.634,5500.636,0.0
2026-03-31,4538.634,5500.636,0.0
